ligand,receptor,pathway
TGFB1,TGFBR1&TGFBR2,TGFb
TGFB2,TGFBR1&TGFBR2,TGFb
TGFB3,TGFBR1&TGFBR2,TGFb
TGFB1,ACVR1B&TGFBR2,TGFb
TGFB1,ACVR1C&TGFBR2,TGFb
TGFB2,ACVR1B&TGFBR2,TGFb
TGFB2,ACVR1C&TGFBR2,TGFb
TGFB3,ACVR1B&TGFBR2,TGFb
TGFB3,ACVR1C&TGFBR2,TGFb
TGFB1,ACVR1&TGFBR1&TGFBR2,TGFb
TGFB2,ACVR1&TGFBR1&TGFBR2,TGFb
TGFB3,ACVR1&TGFBR1&TGFBR2,TGFb
BMP2,BMPR1A&ACVR2A,BMP
BMP2,BMPR1A&ACVR2B,BMP
BMP2,BMPR1A&BMPR2,BMP
BMP2,BMPR1B&ACVR2A,BMP
BMP2,BMPR1B&ACVR2B,BMP
BMP2,BMPR1B&BMPR2,BMP
BMP4,BMPR1A&ACVR2A,BMP
BMP4,BMPR1A&ACVR2B,BMP
BMP4,BMPR1A&BMPR2,BMP
BMP4,BMPR1B&ACVR2A,BMP
BMP4,BMPR1B&ACVR2B,BMP
BMP4,BMPR1B&BMPR2,BMP
GDF5,BMPR1A&ACVR2A,BMP
GDF5,BMPR1A&ACVR2B,BMP
GDF5,BMPR1A&BMPR2,BMP
GDF5,BMPR1B&ACVR2A,BMP
GDF5,BMPR1B&ACVR2B,BMP
GDF5,BMPR1B&BMPR2,BMP
GDF6,BMPR1A&ACVR2A,BMP
GDF6,BMPR1A&ACVR2B,BMP
GDF6,BMPR1A&BMPR2,BMP
GDF6,BMPR1B&ACVR2A,BMP
GDF6,BMPR1B&ACVR2B,BMP
GDF6,BMPR1B&BMPR2,BMP
GDF7,BMPR1A&ACVR2A,BMP
GDF7,BMPR1A&ACVR2B,BMP
GDF7,BMPR1A&BMPR2,BMP
GDF7,BMPR1B&ACVR2A,BMP
GDF7,BMPR1B&ACVR2B,BMP
GDF7,BMPR1B&BMPR2,BMP
BMP15,BMPR1B&BMPR2,BMP
BMP5,ACVR1&ACVR2A,BMP
BMP5,ACVR1&ACVR2B,BMP
BMP5,ACVR1&BMPR2,BMP
BMP5,BMPR1A&ACVR2A,BMP
BMP5,BMPR1A&ACVR2B,BMP
BMP5,BMPR1A&BMPR2,BMP
BMP5,BMPR1B&ACVR2A,BMP
BMP5,BMPR1B&ACVR2B,BMP
BMP5,BMPR1B&BMPR2,BMP
BMP6,ACVR1&ACVR2A,BMP
BMP6,ACVR1&ACVR2B,BMP
BMP6,ACVR1&BMPR2,BMP
BMP6,BMPR1A&ACVR2A,BMP
BMP6,BMPR1A&ACVR2B,BMP
BMP6,BMPR1A&BMPR2,BMP
BMP6,BMPR1B&ACVR2A,BMP
BMP6,BMPR1B&ACVR2B,BMP
BMP6,BMPR1B&BMPR2,BMP
BMP7,ACVR1&ACVR2A,BMP
BMP7,ACVR1&ACVR2B,BMP
BMP7,ACVR1&BMPR2,BMP
BMP7,BMPR1A&ACVR2A,BMP
BMP7,BMPR1A&ACVR2B,BMP
BMP7,BMPR1A&BMPR2,BMP
BMP7,BMPR1B&ACVR2A,BMP
BMP7,BMPR1B&ACVR2B,BMP
BMP7,BMPR1B&BMPR2,BMP
BMP8A,ACVR1&ACVR2A,BMP
BMP8A,ACVR1&ACVR2B,BMP
BMP8A,ACVR1&BMPR2,BMP
BMP8A,BMPR1A&ACVR2A,BMP
BMP8A,BMPR1A&ACVR2B,BMP
BMP8A,BMPR1A&BMPR2,BMP
BMP8A,BMPR1B&ACVR2A,BMP
BMP8A,BMPR1B&ACVR2B,BMP
BMP8A,BMPR1B&BMPR2,BMP
BMP8B,ACVR1&ACVR2A,BMP
BMP8B,ACVR1&ACVR2B,BMP
BMP8B,ACVR1&BMPR2,BMP
BMP8B,BMPR1A&ACVR2A,BMP
BMP8B,BMPR1A&ACVR2B,BMP
BMP8B,BMPR1A&BMPR2,BMP
BMP8B,BMPR1B&ACVR2A,BMP
BMP8B,BMPR1B&ACVR2B,BMP
BMP8B,BMPR1B&BMPR2,BMP
BMP10,ACVRL1&BMPR2,BMP10
BMP10,ACVRL1&ACVR2A,BMP10
GDF2,ACVRL1&BMPR2,BMP10
GDF2,ACVRL1&ACVR2A,BMP10
GDF9,ACVR1B&BMPR2,GDF
GDF10,ACVR1B&ACVR2A,GDF
GDF11,TGFBR1&ACVR2A,GDF
GDF11,TGFBR1&ACVR2B,GDF
GDF11,ACVR1B&ACVR2B,GDF
GDF15,TGFBR2,GDF
MSTN,TGFBR1&ACVR2B,MSTN
MSTN,ACVR1B&ACVR2B,MSTN
MSTN,ACVR1B&ACVR2A,MSTN
MSTN,TGFBR1&ACVR2A,MSTN
AMH,AMHR2&ACVR1,AMH
AMH,AMHR2&BMPR1A,AMH
GDNF,GFRA1&RET,GDNF
NRTN,GFRA2&RET,GDNF
ARTN,GFRA3&RET,GDNF
PSPN,GFRA4&RET,GDNF
ARTN,GFRA1&RET,GDNF
NODAL,ACVR1B&ACVR2A&CFC1,NODAL
NODAL,ACVR1C&ACVR2A&CFC1,NODAL
NODAL,ACVR1B&ACVR2B&CFC1,NODAL
NODAL,ACVR1C&ACVR2B&CFC1,NODAL
GDF1,ACVR1B&ACVR2A&CFC1,NODAL
GDF1,ACVR1B&ACVR2B&CFC1,NODAL
GDF1,ACVR1C&ACVR2A&CFC1,NODAL
GDF1,ACVR1C&ACVR2B&CFC1,NODAL
GDF3,ACVR1B&ACVR2A&CFC1,NODAL
GDF3,ACVR1B&ACVR2B&CFC1,NODAL
GDF3,ACVR1C&ACVR2A&CFC1,NODAL
GDF3,ACVR1C&ACVR2B&CFC1,NODAL
INHBA,ACVR1B&ACVR2A,ACTIVIN
INHBA,ACVR1B&ACVR2B,ACTIVIN
INHBB,ACVR1B&ACVR2A,ACTIVIN
INHBB,ACVR1B&ACVR2B,ACTIVIN
INHBB,ACVR1C&ACVR2A,ACTIVIN
INHBB,ACVR1C&ACVR2B,ACTIVIN
INHBC,ACVR1B&ACVR2A,ACTIVIN
INHBC,ACVR1B&ACVR2B,ACTIVIN
INHBC,ACVR1C&ACVR2A,ACTIVIN
INHBC,ACVR1C&ACVR2B,ACTIVIN
INHBE,ACVR1B&ACVR2A,ACTIVIN
INHBE,ACVR1B&ACVR2B,ACTIVIN
INHBE,ACVR1C&ACVR2A,ACTIVIN
INHBE,ACVR1C&ACVR2B,ACTIVIN
INHBA&INHBB,ACVR1B&ACVR2A,ACTIVIN
INHBA&INHBB,ACVR1B&ACVR2B,ACTIVIN
INHBA&INHBB,ACVR1C&ACVR2A,ACTIVIN
INHBA&INHBB,ACVR1C&ACVR2B,ACTIVIN
INHA&INHBA,ACVR2A,ACTIVIN
INHA&INHBB,ACVR2B,ACTIVIN
WNT1,FZD1&LRP5,WNT
WNT1,FZD10&LRP5,WNT
WNT1,FZD2&LRP5,WNT
WNT1,FZD3&LRP5,WNT
WNT1,FZD4&LRP5,WNT
WNT1,FZD5&LRP5,WNT
WNT1,FZD6&LRP5,WNT
WNT1,FZD7&LRP5,WNT
WNT1,FZD8&LRP5,WNT
WNT1,FZD9&LRP5,WNT
WNT10A,FZD1&LRP5,WNT
WNT10A,FZD10&LRP5,WNT
WNT10A,FZD2&LRP5,WNT
WNT10A,FZD3&LRP5,WNT
WNT10A,FZD4&LRP5,WNT
WNT10A,FZD5&LRP5,WNT
WNT10A,FZD6&LRP5,WNT
WNT10A,FZD7&LRP5,WNT
WNT10A,FZD8&LRP5,WNT
WNT10A,FZD9&LRP5,WNT
WNT10B,FZD1&LRP5,WNT
WNT10B,FZD10&LRP5,WNT
WNT10B,FZD2&LRP5,WNT
WNT10B,FZD3&LRP5,WNT
WNT10B,FZD4&LRP5,WNT
WNT10B,FZD5&LRP5,WNT
WNT10B,FZD6&LRP5,WNT
WNT10B,FZD7&LRP5,WNT
WNT10B,FZD8&LRP5,WNT
WNT10B,FZD9&LRP5,WNT
WNT16,FZD1&LRP5,WNT
WNT16,FZD10&LRP5,WNT
WNT16,FZD2&LRP5,WNT
WNT16,FZD3&LRP5,WNT
WNT16,FZD4&LRP5,WNT
WNT16,FZD5&LRP5,WNT
WNT16,FZD6&LRP5,WNT
WNT16,FZD7&LRP5,WNT
WNT16,FZD8&LRP5,WNT
WNT16,FZD9&LRP5,WNT
WNT2,FZD1&LRP5,WNT
WNT2,FZD10&LRP5,WNT
WNT2,FZD2&LRP5,WNT
WNT2,FZD3&LRP5,WNT
WNT2,FZD4&LRP5,WNT
WNT2,FZD5&LRP5,WNT
WNT2,FZD6&LRP5,WNT
WNT2,FZD7&LRP5,WNT
WNT2,FZD8&LRP5,WNT
WNT2,FZD9&LRP5,WNT
WNT2B,FZD1&LRP5,WNT
WNT2B,FZD10&LRP5,WNT
WNT2B,FZD2&LRP5,WNT
WNT2B,FZD3&LRP5,WNT
WNT2B,FZD4&LRP5,WNT
WNT2B,FZD5&LRP5,WNT
WNT2B,FZD6&LRP5,WNT
WNT2B,FZD7&LRP5,WNT
WNT2B,FZD8&LRP5,WNT
WNT2B,FZD9&LRP5,WNT
WNT3,FZD1&LRP5,WNT
WNT3,FZD10&LRP5,WNT
WNT3,FZD2&LRP5,WNT
WNT3,FZD3&LRP5,WNT
WNT3,FZD4&LRP5,WNT
WNT3,FZD5&LRP5,WNT
WNT3,FZD6&LRP5,WNT
WNT3,FZD7&LRP5,WNT
WNT3,FZD8&LRP5,WNT
WNT3,FZD9&LRP5,WNT
WNT3A,FZD1&LRP5,WNT
WNT3A,FZD10&LRP5,WNT
WNT3A,FZD2&LRP5,WNT
WNT3A,FZD3&LRP5,WNT
WNT3A,FZD4&LRP5,WNT
WNT3A,FZD5&LRP5,WNT
WNT3A,FZD6&LRP5,WNT
WNT3A,FZD7&LRP5,WNT
WNT3A,FZD8&LRP5,WNT
WNT3A,FZD9&LRP5,WNT
WNT4,FZD1&LRP5,WNT
WNT4,FZD10&LRP5,WNT
WNT4,FZD2&LRP5,WNT
WNT4,FZD3&LRP5,WNT
WNT4,FZD4&LRP5,WNT
WNT4,FZD5&LRP5,WNT
WNT4,FZD6&LRP5,WNT
WNT4,FZD7&LRP5,WNT
WNT4,FZD8&LRP5,WNT
WNT4,FZD9&LRP5,WNT
WNT6,FZD1&LRP5,WNT
WNT6,FZD10&LRP5,WNT
WNT6,FZD2&LRP5,WNT
WNT6,FZD3&LRP5,WNT
WNT6,FZD4&LRP5,WNT
WNT6,FZD5&LRP5,WNT
WNT6,FZD6&LRP5,WNT
WNT6,FZD7&LRP5,WNT
WNT6,FZD8&LRP5,WNT
WNT6,FZD9&LRP5,WNT
WNT7A,FZD1&LRP5,WNT
WNT7A,FZD10&LRP5,WNT
WNT7A,FZD2&LRP5,WNT
WNT7A,FZD3&LRP5,WNT
WNT7A,FZD4&LRP5,WNT
WNT7A,FZD5&LRP5,WNT
WNT7A,FZD6&LRP5,WNT
WNT7A,FZD7&LRP5,WNT
WNT7A,FZD8&LRP5,WNT
WNT7A,FZD9&LRP5,WNT
WNT7B,FZD1&LRP5,WNT
WNT7B,FZD10&LRP5,WNT
WNT7B,FZD2&LRP5,WNT
WNT7B,FZD3&LRP5,WNT
WNT7B,FZD4&LRP5,WNT
WNT7B,FZD5&LRP5,WNT
WNT7B,FZD6&LRP5,WNT
WNT7B,FZD7&LRP5,WNT
WNT7B,FZD8&LRP5,WNT
WNT7B,FZD9&LRP5,WNT
WNT8A,FZD1&LRP5,WNT
WNT8A,FZD10&LRP5,WNT
WNT8A,FZD2&LRP5,WNT
WNT8A,FZD3&LRP5,WNT
WNT8A,FZD4&LRP5,WNT
WNT8A,FZD5&LRP5,WNT
WNT8A,FZD6&LRP5,WNT
WNT8A,FZD7&LRP5,WNT
WNT8A,FZD8&LRP5,WNT
WNT8A,FZD9&LRP5,WNT
WNT8B,FZD1&LRP5,WNT
WNT8B,FZD10&LRP5,WNT
WNT8B,FZD2&LRP5,WNT
WNT8B,FZD3&LRP5,WNT
WNT8B,FZD4&LRP5,WNT
WNT8B,FZD5&LRP5,WNT
WNT8B,FZD6&LRP5,WNT
WNT8B,FZD7&LRP5,WNT
WNT8B,FZD8&LRP5,WNT
WNT8B,FZD9&LRP5,WNT
WNT9A,FZD1&LRP5,WNT
WNT9A,FZD10&LRP5,WNT
WNT9A,FZD2&LRP5,WNT
WNT9A,FZD3&LRP5,WNT
WNT9A,FZD4&LRP5,WNT
WNT9A,FZD5&LRP5,WNT
WNT9A,FZD6&LRP5,WNT
WNT9A,FZD7&LRP5,WNT
WNT9A,FZD8&LRP5,WNT
WNT9A,FZD9&LRP5,WNT
WNT9B,FZD1&LRP5,WNT
WNT9B,FZD10&LRP5,WNT
WNT9B,FZD2&LRP5,WNT
WNT9B,FZD3&LRP5,WNT
WNT9B,FZD4&LRP5,WNT
WNT9B,FZD5&LRP5,WNT
WNT9B,FZD6&LRP5,WNT
WNT9B,FZD7&LRP5,WNT
WNT9B,FZD8&LRP5,WNT
WNT9B,FZD9&LRP5,WNT
WNT1,FZD1&LRP6,WNT
WNT1,FZD10&LRP6,WNT
WNT1,FZD2&LRP6,WNT
WNT1,FZD3&LRP6,WNT
WNT1,FZD4&LRP6,WNT
WNT1,FZD5&LRP6,WNT
WNT1,FZD6&LRP6,WNT
WNT1,FZD7&LRP6,WNT
WNT1,FZD8&LRP6,WNT
WNT1,FZD9&LRP6,WNT
WNT10A,FZD1&LRP6,WNT
WNT10A,FZD10&LRP6,WNT
WNT10A,FZD2&LRP6,WNT
WNT10A,FZD3&LRP6,WNT
WNT10A,FZD4&LRP6,WNT
WNT10A,FZD5&LRP6,WNT
WNT10A,FZD6&LRP6,WNT
WNT10A,FZD7&LRP6,WNT
WNT10A,FZD8&LRP6,WNT
WNT10A,FZD9&LRP6,WNT
WNT10B,FZD1&LRP6,WNT
WNT10B,FZD10&LRP6,WNT
WNT10B,FZD2&LRP6,WNT
WNT10B,FZD3&LRP6,WNT
WNT10B,FZD4&LRP6,WNT
WNT10B,FZD5&LRP6,WNT
WNT10B,FZD6&LRP6,WNT
WNT10B,FZD7&LRP6,WNT
WNT10B,FZD8&LRP6,WNT
WNT10B,FZD9&LRP6,WNT
WNT16,FZD1&LRP6,WNT
WNT16,FZD10&LRP6,WNT
WNT16,FZD2&LRP6,WNT
WNT16,FZD3&LRP6,WNT
WNT16,FZD4&LRP6,WNT
WNT16,FZD5&LRP6,WNT
WNT16,FZD6&LRP6,WNT
WNT16,FZD7&LRP6,WNT
WNT16,FZD8&LRP6,WNT
WNT16,FZD9&LRP6,WNT
WNT2,FZD1&LRP6,WNT
WNT2,FZD10&LRP6,WNT
WNT2,FZD2&LRP6,WNT
WNT2,FZD3&LRP6,WNT
WNT2,FZD4&LRP6,WNT
WNT2,FZD5&LRP6,WNT
WNT2,FZD6&LRP6,WNT
WNT2,FZD7&LRP6,WNT
WNT2,FZD8&LRP6,WNT
WNT2,FZD9&LRP6,WNT
WNT2B,FZD1&LRP6,WNT
WNT2B,FZD10&LRP6,WNT
WNT2B,FZD2&LRP6,WNT
WNT2B,FZD3&LRP6,WNT
WNT2B,FZD4&LRP6,WNT
WNT2B,FZD5&LRP6,WNT
WNT2B,FZD6&LRP6,WNT
WNT2B,FZD7&LRP6,WNT
WNT2B,FZD8&LRP6,WNT
WNT2B,FZD9&LRP6,WNT
WNT3,FZD1&LRP6,WNT
WNT3,FZD10&LRP6,WNT
WNT3,FZD2&LRP6,WNT
WNT3,FZD3&LRP6,WNT
WNT3,FZD4&LRP6,WNT
WNT3,FZD5&LRP6,WNT
WNT3,FZD6&LRP6,WNT
WNT3,FZD7&LRP6,WNT
WNT3,FZD8&LRP6,WNT
WNT3,FZD9&LRP6,WNT
WNT3A,FZD1&LRP6,WNT
WNT3A,FZD10&LRP6,WNT
WNT3A,FZD2&LRP6,WNT
WNT3A,FZD3&LRP6,WNT
WNT3A,FZD4&LRP6,WNT
WNT3A,FZD5&LRP6,WNT
WNT3A,FZD6&LRP6,WNT
WNT3A,FZD7&LRP6,WNT
WNT3A,FZD8&LRP6,WNT
WNT3A,FZD9&LRP6,WNT
WNT4,FZD1&LRP6,WNT
WNT4,FZD10&LRP6,WNT
WNT4,FZD2&LRP6,WNT
WNT4,FZD3&LRP6,WNT
WNT4,FZD4&LRP6,WNT
WNT4,FZD5&LRP6,WNT
WNT4,FZD6&LRP6,WNT
WNT4,FZD7&LRP6,WNT
WNT4,FZD8&LRP6,WNT
WNT4,FZD9&LRP6,WNT
WNT6,FZD1&LRP6,WNT
WNT6,FZD10&LRP6,WNT
WNT6,FZD2&LRP6,WNT
WNT6,FZD3&LRP6,WNT
WNT6,FZD4&LRP6,WNT
WNT6,FZD5&LRP6,WNT
WNT6,FZD6&LRP6,WNT
WNT6,FZD7&LRP6,WNT
WNT6,FZD8&LRP6,WNT
WNT6,FZD9&LRP6,WNT
WNT7A,FZD1&LRP6,WNT
WNT7A,FZD10&LRP6,WNT
WNT7A,FZD2&LRP6,WNT
WNT7A,FZD3&LRP6,WNT
WNT7A,FZD4&LRP6,WNT
WNT7A,FZD5&LRP6,WNT
WNT7A,FZD6&LRP6,WNT
WNT7A,FZD7&LRP6,WNT
WNT7A,FZD8&LRP6,WNT
WNT7A,FZD9&LRP6,WNT
WNT7B,FZD1&LRP6,WNT
WNT7B,FZD10&LRP6,WNT
WNT7B,FZD2&LRP6,WNT
WNT7B,FZD3&LRP6,WNT
WNT7B,FZD4&LRP6,WNT
WNT7B,FZD5&LRP6,WNT
WNT7B,FZD6&LRP6,WNT
WNT7B,FZD7&LRP6,WNT
WNT7B,FZD8&LRP6,WNT
WNT7B,FZD9&LRP6,WNT
WNT8A,FZD1&LRP6,WNT
WNT8A,FZD10&LRP6,WNT
WNT8A,FZD2&LRP6,WNT
WNT8A,FZD3&LRP6,WNT
WNT8A,FZD4&LRP6,WNT
WNT8A,FZD5&LRP6,WNT
WNT8A,FZD6&LRP6,WNT
WNT8A,FZD7&LRP6,WNT
WNT8A,FZD8&LRP6,WNT
WNT8A,FZD9&LRP6,WNT
WNT8B,FZD1&LRP6,WNT
WNT8B,FZD10&LRP6,WNT
WNT8B,FZD2&LRP6,WNT
WNT8B,FZD3&LRP6,WNT
WNT8B,FZD4&LRP6,WNT
WNT8B,FZD5&LRP6,WNT
WNT8B,FZD6&LRP6,WNT
WNT8B,FZD7&LRP6,WNT
WNT8B,FZD8&LRP6,WNT
WNT8B,FZD9&LRP6,WNT
WNT9A,FZD1&LRP6,WNT
WNT9A,FZD10&LRP6,WNT
WNT9A,FZD2&LRP6,WNT
WNT9A,FZD3&LRP6,WNT
WNT9A,FZD4&LRP6,WNT
WNT9A,FZD5&LRP6,WNT
WNT9A,FZD6&LRP6,WNT
WNT9A,FZD7&LRP6,WNT
WNT9A,FZD8&LRP6,WNT
WNT9A,FZD9&LRP6,WNT
WNT9B,FZD1&LRP6,WNT
WNT9B,FZD10&LRP6,WNT
WNT9B,FZD2&LRP6,WNT
WNT9B,FZD3&LRP6,WNT
WNT9B,FZD4&LRP6,WNT
WNT9B,FZD5&LRP6,WNT
WNT9B,FZD6&LRP6,WNT
WNT9B,FZD7&LRP6,WNT
WNT9B,FZD8&LRP6,WNT
WNT9B,FZD9&LRP6,WNT
WNT5A,FZD1,ncWNT
WNT5A,FZD10,ncWNT
WNT5A,FZD2,ncWNT
WNT5A,FZD3,ncWNT
WNT5A,FZD4,ncWNT
WNT5A,FZD5,ncWNT
WNT5A,FZD6,ncWNT
WNT5A,FZD7,ncWNT
WNT5A,FZD8,ncWNT
WNT5A,FZD9,ncWNT
WNT5A,MCAM,ncWNT
WNT5B,FZD1,ncWNT
WNT5B,FZD10,ncWNT
WNT5B,FZD2,ncWNT
WNT5B,FZD3,ncWNT
WNT5B,FZD4,ncWNT
WNT5B,FZD5,ncWNT
WNT5B,FZD6,ncWNT
WNT5B,FZD7,ncWNT
WNT5B,FZD8,ncWNT
WNT5B,FZD9,ncWNT
WNT11,FZD1,ncWNT
WNT11,FZD10,ncWNT
WNT11,FZD2,ncWNT
WNT11,FZD3,ncWNT
WNT11,FZD4,ncWNT
WNT11,FZD5,ncWNT
WNT11,FZD6,ncWNT
WNT11,FZD7,ncWNT
WNT11,FZD8,ncWNT
WNT11,FZD9,ncWNT
EGF,EGFR,EGF
EGF,EGFR&ERBB2,EGF
TGFA,EGFR,EGF
TGFA,EGFR&ERBB2,EGF
AREG,EGFR,EGF
AREG,EGFR&ERBB2,EGF
BTC,EGFR,EGF
BTC,EGFR&ERBB2,EGF
BTC,ERBB4,EGF
BTC,ERBB2&ERBB4,EGF
HBEGF,EGFR,EGF
HBEGF,EGFR&ERBB2,EGF
HBEGF,ERBB4,EGF
HBEGF,ERBB2&ERBB4,EGF
EREG,EGFR,EGF
EREG,EGFR&ERBB2,EGF
EREG,ERBB4,EGF
EREG,ERBB2&ERBB4,EGF
NRG1,ERBB3,NRG
NRG1,ERBB2&ERBB3,NRG
NRG1,ERBB4,NRG
NRG1,ERBB2&ERBB4,NRG
NRG2,ERBB3,NRG
NRG2,ERBB2&ERBB3,NRG
NRG2,ERBB4,NRG
NRG2,ERBB2&ERBB4,NRG
NRG3,ERBB4,NRG
NRG3,ERBB2&ERBB4,NRG
NRG4,ERBB4,NRG
NRG4,ERBB2&ERBB4,NRG
NRG1,ITGAV&ITGB3,NRG
FGF1,FGFR1,FGF
FGF1,FGFR2,FGF
FGF1,FGFR3,FGF
FGF1,FGFR4,FGF
FGF2,FGFR1,FGF
FGF2,FGFR2,FGF
FGF2,FGFR3,FGF
FGF2,FGFR4,FGF
FGF4,FGFR1,FGF
FGF4,FGFR2,FGF
FGF4,FGFR3,FGF
FGF4,FGFR4,FGF
FGF5,FGFR1,FGF
FGF5,FGFR2,FGF
FGF5,FGFR3,FGF
FGF5,FGFR4,FGF
FGF6,FGFR1,FGF
FGF6,FGFR2,FGF
FGF6,FGFR3,FGF
FGF6,FGFR4,FGF
FGF7,FGFR1,FGF
FGF7,FGFR2,FGF
FGF3,FGFR1,FGF
FGF3,FGFR2,FGF
FGF10,FGFR1,FGF
FGF10,FGFR2,FGF
FGF22,FGFR2,FGF
FGF8,FGFR1,FGF
FGF8,FGFR2,FGF
FGF8,FGFR3,FGF
FGF8,FGFR4,FGF
FGF17,FGFR1,FGF
FGF17,FGFR2,FGF
FGF17,FGFR3,FGF
FGF17,FGFR4,FGF
FGF18,FGFR1,FGF
FGF18,FGFR2,FGF
FGF18,FGFR3,FGF
FGF18,FGFR4,FGF
FGF9,FGFR1,FGF
FGF9,FGFR2,FGF
FGF9,FGFR3,FGF
FGF9,FGFR4,FGF
FGF20,FGFR1,FGF
FGF20,FGFR2,FGF
FGF20,FGFR3,FGF
FGF20,FGFR4,FGF
FGF16,FGFR1,FGF
FGF16,FGFR2,FGF
FGF16,FGFR3,FGF
FGF16,FGFR4,FGF
FGF19,FGFR1,FGF
FGF19,FGFR2,FGF
FGF19,FGFR3,FGF
FGF19,FGFR4,FGF
FGF21,FGFR1,FGF
FGF21,FGFR3,FGF
FGF23,FGFR1,FGF
FGF23,FGFR3,FGF
FGF23,FGFR4,FGF
PDGFA,PDGFRA,PDGF
PDGFA,PDGFRB,PDGF
PDGFB,PDGFRA,PDGF
PDGFB,PDGFRB,PDGF
PDGFC,PDGFRA,PDGF
PDGFD,PDGFRB,PDGF
VEGFA,FLT1,VEGF
VEGFA,KDR,VEGF
VEGFB,FLT1,VEGF
VEGFC,FLT4,VEGF
VEGFC,KDR,VEGF
VEGFD,FLT4,VEGF
VEGFD,KDR,VEGF
PGF,FLT1,VEGF
VEGFA,FLT1&KDR,VEGF
VEGFC,FLT4&KDR,VEGF
VEGFD,FLT4&KDR,VEGF
IGF1,IGF1R,IGF
IGF2,IGF1R,IGF
IGF2,IGF2R,IGF
IGF1,ITGAV&ITGB3,IGF
IGF1,ITGA6&ITGB4,IGF
IGF2,ITGAV&ITGB3,IGF
IGF2,ITGA6&ITGB4,IGF
IGFL3,IGFLR1,IGF
INS,INSR,INSULIN
APLN,APLNR,APELIN
DHH,PTCH1&SMO,HH
IHH,PTCH1&SMO,HH
SHH,PTCH1&SMO,HH
DHH,PTCH2&SMO,HH
IHH,PTCH2&SMO,HH
SHH,PTCH2&SMO,HH
CCL5,CCR1,CCL
CCL3,CCR1,CCL
CCL3L1,CCR1,CCL
CCL3L3,CCR1,CCL
CCL8,CCR1,CCL
CCL7,CCR1,CCL
CCL13,CCR1,CCL
CCL14,CCR1,CCL
CCL15,CCR1,CCL
CCL16,CCR1,CCL
CCL23,CCR1,CCL
CCL8,CCR2,CCL
CCL7,CCR2,CCL
CCL2,CCR2,CCL
CCL27,CCR2,CCL
CCL5,CCR3,CCL
CCL7,CCR3,CCL
CCL11,CCR3,CCL
CCL24,CCR3,CCL
CCL26,CCR3,CCL
CCL28,CCR3,CCL
CCL27,CCR3,CCL
CCL17,CCR4,CCL
CCL22,CCR4,CCL
CCL5,CCR4,CCL
CCL4,CCR5,CCL
CCL5,CCR5,CCL
CCL3,CCR5,CCL
CCL20,CCR6,CCL
CCL19,CCR7,CCL
CCL21,CCR7,CCL
CCL19,ACKR4,CCL
CCL21,ACKR4,CCL
CCL1,CCR8,CCL
CCL25,CCR9,CCL
CCL25,ACKR4,CCL
CCL28,CCR10,CCL
CCL27,CCR10,CCL
CCL1,ACKR4,CCL
CCL13,ACKR4,CCL
CCL8,ACKR4,CCL
CCL1,ACKR1,CCL
CCL2,ACKR1,CCL
CCL5,ACKR1,CCL
CCL8,ACKR1,CCL
CCL13,ACKR1,CCL
CCL14,ACKR1,CCL
CCL16,ACKR1,CCL
CCL18,ACKR1,CCL
CXCL1,ACKR1,CXCL
CXCL2,ACKR1,CXCL
CXCL3,ACKR1,CXCL
CXCL5,ACKR1,CXCL
CXCL6,ACKR1,CXCL
CXCL8,ACKR1,CXCL
CXCL9,ACKR1,CXCL
CXCL10,ACKR1,CXCL
CXCL11,ACKR1,CXCL
CXCL13,ACKR1,CXCL
CCL2,ACKR2,CCL
CCL3,ACKR2,CCL
CCL3L1,ACKR2,CCL
CCL4,ACKR2,CCL
CCL5,ACKR2,CCL
CCL7,ACKR2,CCL
CCL8,ACKR2,CCL
CCL7,ACKR1,CCL
CCL11,ACKR1,CCL
CCL11,ACKR2,CCL
CCL13,ACKR2,CCL
CCL22,ACKR2,CCL
CCL24,ACKR2,CCL
CCL26,ACKR2,CCL
CCL17,ACKR1,CCL
CCL14,ACKR2,CCL
CCL17,ACKR2,CCL
CXCL1,CXCR1,CXCL
CXCL2,CXCR1,CXCL
CXCL3,CXCR1,CXCL
CXCL5,CXCR1,CXCL
CXCL6,CXCR1,CXCL
CXCL8,CXCR1,CXCL
CXCL1,CXCR2,CXCL
CXCL2,CXCR2,CXCL
CXCL3,CXCR2,CXCL
CXCL5,CXCR2,CXCL
CXCL6,CXCR2,CXCL
CXCL8,CXCR2,CXCL
PPBP,CXCR2,CXCL
PF4V1,CXCR3,CXCL
CXCL9,CXCR3,CXCL
CXCL10,CXCR3,CXCL
CXCL11,CXCR3,CXCL
CXCL13,CXCR3,CXCL
PF4,CXCR3,CXCL
CXCL12,CXCR4,CXCL
CXCL11,ACKR3,CXCL
CXCL12,ACKR3,CXCL
CXCL13,CXCR5,CXCL
CXCL16,CXCR6,CXCL
MIF,CD74&CXCR4,MIF
MIF,CD74&CD44,MIF
MIF,CD74&CXCR2,MIF
MIF,ACKR3,MIF
CX3CL1,CX3CR1,CX3C
XCL1,XCR1,XCR
XCL2,XCR1,XCR
IL2,IL20RA&IL20RB&IL2RG,IL2
IL2,IL2RB&IL2RG,IL2
IL4,IL4R&IL2RG,IL2
IL7,IL7R&IL2RG,IL2
IL9,IL9R&IL2RG,IL2
IL15,IL15RA&IL2RB&IL2RG,IL2
IL21,IL21R&IL2RG,IL2
TSLP,IL7R&CRLF2,IL2
IL3,IL3RA&CSF2RB,IL4
IL5,IL5RA&CSF2RB,IL4
CSF2,CSF2RA&CSF2RB,IL4
IL4,IL4R,IL4
IL4,IL4R&IL13RA1,IL4
IL4,IL4R&IL13RA2,IL4
IL13,IL4R&IL13RA1,IL4
IL13,IL4R&IL13RA2,IL4
IL13,IL13RA1,IL4
IL13,IL13RA2,IL4
IL6,IL6R&IL6ST,IL6
IL11,IL11RA&IL6ST,IL6
IL12A&IL12B,IL12RB1&IL12RB2,IL12
IL12B&IL23A,IL23R&IL12RB1,IL12
IL27&EBI3,IL27RA&IL6ST,IL12
IL31,IL31RA&OSMR,IL6
CNTF,CNTFR&LIFR&IL6ST,LIFR
CLCF1,CNTFR&LIFR&IL6ST,LIFR
CTF1,LIFR&IL6ST,LIFR
LIF,LIFR&IL6ST,LIFR
OSM,LIFR&IL6ST,OSM
OSM,OSMR&IL6ST,OSM
IL10,IL10RA&IL10RB,IL10
IL19,IL20RA&IL20RB,IL10
IL20,IL20RA&IL20RB,IL10
IL24,IL20RA&IL20RB,IL10
IL20,IL22RA1&IL20RB,IL10
IL24,IL22RA1&IL20RB,IL10
IL22,IL22RA1&IL10RB,IL10
IL26,IL20RA&IL10RB,IL10
IL1A,IL1R1&IL1RAP,IL1
IL1B,IL1R1&IL1RAP,IL1
IL1A,IL1R2,IL1
IL1B,IL1R2,IL1
IL36RN,IL1RL2&IL1RAP,IL1
IL36A,IL1RL2&IL1RAP,IL1
IL36B,IL1RL2&IL1RAP,IL1
IL36G,IL1RL2&IL1RAP,IL1
IL1F10,IL1RL2&IL1RAP,IL1
IL37,IL18R1&IL18RAP,IL1
IL18,IL18R1&IL18RAP,IL1
IL33,IL1RL1&IL1RAP,IL1
IL17A,IL17RA&IL17RC,IL17
IL17F,IL17RA&IL17RC,IL17
IL17A&IL17F,IL17RA&IL17RC,IL17
IL17B,IL17RB,IL17
IL17C,IL17RA&IL17RE,IL17
IL25,IL17RA&IL17RB,IL17
IL34,CSF1R,CSF
CSF1,CSF1R,CSF
IL16,CD4,IL16
EPO,EPOR,EPO
GH1,GHR,GH
PRL,PRLR,PRL
THPO,MPL,THPO
CSF3,CSF3R,CSF3
IFNB1,IFNAR1&IFNAR2,IFN-I
IFNW1,IFNAR1&IFNAR2,IFN-I
IFNK,IFNAR1&IFNAR2,IFN-I
IFNE,IFNAR1&IFNAR2,IFN-I
IFNA1,IFNAR1&IFNAR2,IFN-I
IFNA2,IFNAR1&IFNAR2,IFN-I
IFNA4,IFNAR1&IFNAR2,IFN-I
IFNA5,IFNAR1&IFNAR2,IFN-I
IFNA6,IFNAR1&IFNAR2,IFN-I
IFNA7,IFNAR1&IFNAR2,IFN-I
IFNA8,IFNAR1&IFNAR2,IFN-I
IFNA10,IFNAR1&IFNAR2,IFN-I
IFNA13,IFNAR1&IFNAR2,IFN-I
IFNA14,IFNAR1&IFNAR2,IFN-I
IFNA16,IFNAR1&IFNAR2,IFN-I
IFNA17,IFNAR1&IFNAR2,IFN-I
IFNA21,IFNAR1&IFNAR2,IFN-I
IFNG,IFNGR1&IFNGR2,IFN-II
TNF,TNFRSF1A,TNF
TNF,TNFRSF1B,TNF
LTA,TNFRSF1A,LT
LTA,TNFRSF1B,LT
LTA,TNFRSF14,LT
LTA&LTB,LTBR,LT
TNFSF14,LTBR,LIGHT
TNFSF14,TNFRSF14,LIGHT
FASLG,FAS,FASLG
TNFSF15,TNFRSF25,VEGI
TNFSF10,TNFRSF10A,TRAIL
EDA,EDAR,EDA
EDA,EDA2R,EDA
NGF,NGFR,NGF
KLK3,NGFR,NGF
TNFSF11,TNFRSF11A,RANKL
TNFSF11,TNFRSF11B,RANKL
TNFSF12,TNFRSF12A,TWEAK
CD70,CD27,CD70
TNFSF8,TNFRSF8,CD30
TNFSF9,TNFRSF9,CD137
TNFSF4,TNFRSF4,OX40
TNFSF18,TNFRSF18,GITRL
TNFSF13,TNFRSF17,APRIL
TNFSF13,TNFRSF13B,APRIL
TNFSF13B,TNFRSF17,BAFF
TNFSF13B,TNFRSF13B,BAFF
TNFSF13B,TNFRSF13C,BAFF
CD40LG,ITGA2B&ITGB3,CD40
CD40LG,ITGA5&ITGB1,CD40
CD40LG,ITGAM&ITGB2,CD40
SPP1,CD44,SPP1
SPP1,ITGAV&ITGB3,SPP1
SPP1,ITGAV&ITGB1,SPP1
SPP1,ITGAV&ITGB5,SPP1
SPP1,ITGAV&ITGB6,SPP1
SPP1,ITGA4&ITGB1,SPP1
SPP1,ITGA9&ITGB1,SPP1
SPP1,ITGA8&ITGB1,SPP1
SPP1,ITGA5&ITGB1,SPP1
ADIPOQ,ADIPOR1,ADIPONECTIN
ADIPOQ,ADIPOR2,ADIPONECTIN
RETN,TLR4,RESISTIN
RETN,CAP1,RESISTIN
NAMPT,INSR,VISFATIN
NAMPT,ITGA5&ITGB1,VISFATIN
ANGPTL1,ITGA1&ITGB1,ANGPTL
ANGPTL2,ITGA5&ITGB1,ANGPTL
ANGPTL2,TLR4,ANGPTL
ANGPTL2,LILRB3,ANGPTL
ANGPTL1,LILRB3,ANGPTL
ANGPTL7,LILRB3,ANGPTL
ANGPTL4,ITGA5&ITGB1,ANGPTL
ANGPTL4,ITGAV&ITGB3,ANGPTL
ANGPTL4,CDH5,ANGPTL
ANGPTL4,CDH11,ANGPTL
ANGPTL4,SDC1,ANGPTL
ANGPTL4,SDC2,ANGPTL
ANGPTL4,SDC3,ANGPTL
ANGPTL4,SDC4,ANGPTL
ANGPTL3,ITGAV&ITGB3,ANGPTL
ANGPT1,TEK,ANGPT
ANGPT2,TEK,ANGPT
ANGPT2,ITGA5&ITGB1,ANGPT
MDK,SDC1,MK
MDK,SDC2,MK
MDK,SDC4,MK
MDK,PTPRZ1,MK
MDK,ITGA4&ITGB1,MK
MDK,ITGA6&ITGB1,MK
MDK,LRP1,MK
MDK,NCL,MK
MDK,ALK,MK
PTN,PTPRZ1,PTN
PTN,SDC1,PTN
PTN,SDC2,PTN
PTN,SDC3,PTN
PTN,SDC4,PTN
PTN,ITGAV&ITGB3,PTN
PTN,NCL,PTN
PTN,ALK,PTN
POSTN,ITGAV&ITGB3,PERIOSTIN
POSTN,ITGAV&ITGB5,PERIOSTIN
AGT,AGTR1,AGT
GRP,GRPR,GPR
NMB,NMBR,GPR
KNG1,BDKRB1,BRADYKININ
KNG1,BDKRB2,BRADYKININ
C3,C3AR1,COMPLEMENT
C3,CR2,COMPLEMENT
C3,ITGAM&ITGB2,COMPLEMENT
C3,ITGAX&ITGB2,COMPLEMENT
C4A,C3AR1,COMPLEMENT
C4A,CR2,COMPLEMENT
C5,C5AR1,COMPLEMENT
CCK,CCKAR,CCK
CCK,CCKBR,CCK
EDN1,EDNRA,EDN
EDN2,EDNRA,EDN
EDN3,EDNRA,EDN
EDN1,EDNRB,EDN
EDN2,EDNRB,EDN
EDN3,EDNRB,EDN
GAL,GALR1,GALANIN
GAL,GALR2,GALANIN
GAL,GALR3,GALANIN
GALP,GALR1,GALANIN
GALP,GALR2,GALANIN
GHRL,GHSR,GHRELIN
KISS1,KISS1R,KISS1
POMC,MC1R,MELANOCORTIN
POMC,MC2R,MELANOCORTIN
POMC,MC3R,MELANOCORTIN
POMC,MC4R,MELANOCORTIN
POMC,MC5R,MELANOCORTIN
NMU,NMUR1,NMU
NMU,NMUR2,NMU
NMS,NMUR1,NMU
NMS,NMUR2,NMU
NPFF,NPFFR1,NPFF
NPFF,NPFFR2,NPFF
NPY,NPY1R,NPY
NPY,NPY2R,NPY
NPY,NPY4R,NPY
NPY,NPY5R,NPY
NPY,NPY6R,NPY
NPY,GPR83,NPY
PPY,NPY1R,NPY
PPY,NPY2R,NPY
PPY,NPY4R,NPY
PPY,NPY5R,NPY
PPY,NPY6R,NPY
PPY,GPR83,NPY
PYY,NPY1R,NPY
PYY,NPY2R,NPY
PYY,NPY4R,NPY
PYY,NPY5R,NPY
PYY,NPY6R,NPY
PYY,GPR83,NPY
NPB,NPBWR1,NPW-B
NPW,NPBWR1,NPW-B
NTS,NTSR1,NTS
NTS,NTSR2,NTS
PDYN,OPRD1,OPIOID
PDYN,OPRK1,OPIOID
PDYN,OPRL1,OPIOID
PDYN,OPRM1,OPIOID
PENK,OPRD1,OPIOID
PENK,OPRK1,OPIOID
PENK,OPRL1,OPIOID
PENK,OPRM1,OPIOID
POMC,OPRD1,OPIOID
POMC,OPRK1,OPIOID
POMC,OPRL1,OPIOID
POMC,OPRM1,OPIOID
HCRT,HCRTR1,HCRT
HCRT,HCRTR2,HCRT
OXT,OXTR,OXT
SST,SSTR1,SEMATOSTATIN
SST,SSTR2,SEMATOSTATIN
SST,SSTR3,SEMATOSTATIN
SST,SSTR4,SEMATOSTATIN
SST,SSTR5,SEMATOSTATIN
CORT,SSTR1,SEMATOSTATIN
CORT,SSTR2,SEMATOSTATIN
CORT,SSTR3,SEMATOSTATIN
CORT,SSTR4,SEMATOSTATIN
CORT,SSTR5,SEMATOSTATIN
TAC1,TACR1,TAC
TAC4,TACR1,TAC
TAC1,TACR2,TAC
TAC3,TACR3,TAC
UTS2,UTS2R,UTS2
AVP,AVPR2,AVP
AVP,AVPR1A,AVP
AVP,AVPR1B,AVP
PRLH,PRLHR,PRLH
PRSS3,F2R,PARs
CTSG,F2R,PARs
F2,F2R,PARs
PLG,F2R,PARs
GZMA,F2R,PARs
PRSS2,F2R,PARs
PRSS1,F2R,PARs
PRSS3,F2RL1,PARs
CTSG,F2RL1,PARs
F2,F2RL1,PARs
PLG,F2RL1,PARs
GZMA,F2RL1,PARs
PRSS2,F2RL1,PARs
PRSS1,F2RL1,PARs
PRSS3,F2RL2,PARs
CTSG,F2RL2,PARs
F2,F2RL2,PARs
PLG,F2RL2,PARs
GZMA,F2RL2,PARs
PRSS2,F2RL2,PARs
PRSS1,F2RL2,PARs
PRSS3,F2RL3,PARs
CTSG,F2RL3,PARs
F2,F2RL3,PARs
GZMA,F2RL3,PARs
PLG,F2RL3,PARs
PRSS2,F2RL3,PARs
PRSS1,F2RL3,PARs
PRSS3,PARD3,PARs
CTSG,PARD3,PARs
F2,PARD3,PARs
GZMA,PARD3,PARs
PLG,PARD3,PARs
PRSS2,PARD3,PARs
PRSS1,PARD3,PARs
PMCH,MCHR1,PMCH
PROK1,PROKR2,PROK
PROK1,PROKR1,PROK
PROK2,PROKR1,PROK
PROK2,PROKR2,PROK
ADCYAP1,ADCYAP1R1,PACAP
VIP,VIPR1,VIP
VIP,VIPR2,VIP
NPPA,NPR1,NPR1
NPPB,NPR1,NPR1
NPPC,NPR2,NPR2
KITLG,KIT,KIT
GCG,GIPR,GIPR
GIP,GIPR,GIPR
FSHB,FSHR,FSH
CGA,FSHR,FSH
LHB,LHCGR,LHB
CGA,LHCGR,LHB
TSHB,TSHR,TSH
CGA,TSHR,TSH
BDNF,NTRK2,NT
NGF,NTRK1,NT
FLT3LG,FLT3,FLT3
HGF,MET,HGF
KLK3,NTRK1,NT
NTF3,NTRK1,NT
NTF3,NTRK2,NT
NTF3,NTRK3,NT
NTF4,NTRK2,NT
SEMA3A,NRP1&PLXNA1,SEMA3
SEMA3A,NRP1&PLXNA2,SEMA3
SEMA3A,NRP1&PLXNA3,SEMA3
SEMA3A,NRP1&PLXNA4,SEMA3
SEMA3B,NRP1&PLXNA1,SEMA3
SEMA3B,NRP1&PLXNA2,SEMA3
SEMA3B,NRP1&PLXNA3,SEMA3
SEMA3B,NRP1&PLXNA4,SEMA3
SEMA3C,NRP1&PLXNA1,SEMA3
SEMA3C,NRP1&PLXNA2,SEMA3
SEMA3C,NRP1&PLXNA3,SEMA3
SEMA3C,NRP1&PLXNA4,SEMA3
SEMA3D,NRP1&PLXNA1,SEMA3
SEMA3D,NRP1&PLXNA2,SEMA3
SEMA3D,NRP1&PLXNA3,SEMA3
SEMA3D,NRP1&PLXNA4,SEMA3
SEMA3B,NRP2&PLXNA1,SEMA3
SEMA3B,NRP2&PLXNA2,SEMA3
SEMA3B,NRP2&PLXNA3,SEMA3
SEMA3B,NRP2&PLXNA4,SEMA3
SEMA3C,NRP2&PLXNA1,SEMA3
SEMA3C,NRP2&PLXNA2,SEMA3
SEMA3C,NRP2&PLXNA3,SEMA3
SEMA3C,NRP2&PLXNA4,SEMA3
SEMA3D,NRP2&PLXNA1,SEMA3
SEMA3D,NRP2&PLXNA2,SEMA3
SEMA3D,NRP2&PLXNA3,SEMA3
SEMA3D,NRP2&PLXNA4,SEMA3
SEMA3F,NRP2&PLXNA1,SEMA3
SEMA3F,NRP2&PLXNA2,SEMA3
SEMA3F,NRP2&PLXNA3,SEMA3
SEMA3F,NRP2&PLXNA4,SEMA3
SEMA3G,NRP2&PLXNA1,SEMA3
SEMA3G,NRP2&PLXNA2,SEMA3
SEMA3G,NRP2&PLXNA3,SEMA3
SEMA3G,NRP2&PLXNA4,SEMA3
SEMA3C,NRP1&NRP2&PLXND1,SEMA3
SEMA3C,PLXND1,SEMA3
SEMA3E,PLXND1,SEMA3
ADM,CALCR,CALCR
ADM,CALCRL,CALCR
AGT,MAS1,AGT
ANXA1,FPR2,ANNEXIN
ANXA1,FPR1,ANNEXIN
APELA,APLNR,APJ
CALCA,CALCR,CALCR
CALCA,CALCRL,CALCR
CALCB,CALCR,CALCR
CALCB,CALCRL,CALCR
CRH,CRHR1,CRH
CRH,CRHR2,CRH
ENHO,GPR19,ENHO
GAS6,AXL,GAS
GAS6,MERTK,GAS
GAS6,TYRO3,GAS
GCG,GCGR,GCG
GCG,GLP1R,GCG
GCG,GLP2R,GCG
GH1,GHR,GH
GH1,PRLR,GH
GHRH,VIPR1,GHRH
GHRH,VIPR2,GHRH
GHRH,GHSR,GHRH
GHRH,GHRHR,GHRH
GNRH1,GNRHR,GNRH
GRN,SORT1,GRN
GUCA2A,GUCY2C,GUCA
GUCA2B,GUCY2C,GUCA
IAPP,CALCR,CALCR
IAPP,CALCRL,CALCR
INSL3,RXFP2,RLN
INSL3,RXFP1,RLN
INSL3,RXFP4,RLN
INSL3,RXFP3,RLN
INSL5,RXFP4,RLN
INSL5,RXFP3,RLN
INSL5,RXFP2,RLN
INSL5,RXFP1,RLN
LEP,LEPR,LEP
LGALS9,PTPRC,GALECTIN
NPS,NPSR1,NPS
NPVF,NPFFR1,NPVF
NPVF,NPFFR2,NPVF
OSTN,NPR3,OSTN
PMCH,MERTK,PMCH
PROS1,AXL,PROS
PROS1,TYRO3,PROS
PSAP,GPR37L1,PSAP
PSAP,GPR37,PSAP
PTH,PTH1R,PTH
PTH,PTH2R,PTH
PTH2,PTH1R,PTH
PTH2,PTH2R,PTH
PTHLH,PTH1R,PTH
QRFP,QRFPR,QRFP
RARRES2,GPR1,CHEMERIN
RARRES2,CMKLR1,CHEMERIN
RLN1,RXFP2,RLN
RLN1,RXFP1,RLN
RLN1,RXFP3,RLN
RLN1,RXFP4,RLN
RLN3,RXFP3,RLN
RLN3,RXFP1,RLN
RLN3,RXFP4,RLN
RLN3,RXFP2,RLN
SAA1,FPR2,SAA
SCGB3A2,MARCO,UGRP1
SCT,SCTR,SCT
SLURP1,CHRNB1,SLURP
SLURP1,CHRNB2,SLURP
SLURP1,CHRNB3,SLURP
SLURP1,CHRNB4,SLURP
SLURP1,CHRNA1,SLURP
SLURP1,CHRNA2,SLURP
SLURP1,CHRNA3,SLURP
SLURP1,CHRNA4,SLURP
SLURP1,CHRNA5,SLURP
SLURP1,CHRNA6,SLURP
SLURP1,CHRNA9,SLURP
SLURP1,CHRNA10,SLURP
SLURP1,CHRND,SLURP
SLURP1,CHRNE,SLURP
SLURP1,CHRNG,SLURP
SLURP1,CHRNA7,SLURP
SLURP2,CHRNB1,SLURP
SLURP2,CHRNB2,SLURP
SLURP2,CHRNB3,SLURP
SLURP2,CHRNB4,SLURP
SLURP2,CHRNA1,SLURP
SLURP2,CHRNA2,SLURP
SLURP2,CHRNA3,SLURP
SLURP2,CHRNA4,SLURP
SLURP2,CHRNA5,SLURP
SLURP2,CHRNA6,SLURP
SLURP2,CHRNA7,SLURP
SLURP2,CHRNA9,SLURP
SLURP2,CHRNA10,SLURP
SLURP2,CHRND,SLURP
SLURP2,CHRNE,SLURP
SLURP2,CHRNG,SLURP
BTLA,TNFRSF14,BTLA
TRH,TRHR,TRH
UCN,CRHR1,UCN
UCN,CRHR2,UCN
UCN2,CRHR1,UCN
UCN2,CRHR2,UCN
UCN3,CRHR1,UCN
UCN3,CRHR2,UCN
UTS2B,UTS2R,UROTENSIN
UTS2B,SSTR5,UROTENSIN
BAG6,NCR3,BAG
LGALS9,HAVCR2,GALECTIN
LGALS9,CD44,GALECTIN
COL1A1,ITGA1&ITGB1,COLLAGEN
COL1A2,ITGA1&ITGB1,COLLAGEN
COL2A1,ITGA1&ITGB1,COLLAGEN
COL4A1,ITGA1&ITGB1,COLLAGEN
COL4A2,ITGA1&ITGB1,COLLAGEN
COL4A3,ITGA1&ITGB1,COLLAGEN
COL4A4,ITGA1&ITGB1,COLLAGEN
COL4A5,ITGA1&ITGB1,COLLAGEN
COL4A6,ITGA1&ITGB1,COLLAGEN
COL6A1,ITGA1&ITGB1,COLLAGEN
COL6A2,ITGA1&ITGB1,COLLAGEN
COL6A3,ITGA1&ITGB1,COLLAGEN
COL6A4,ITGA1&ITGB1,COLLAGEN
COL6A5,ITGA1&ITGB1,COLLAGEN
COL6A6,ITGA1&ITGB1,COLLAGEN
COL9A1,ITGA1&ITGB1,COLLAGEN
COL9A2,ITGA1&ITGB1,COLLAGEN
COL9A3,ITGA1&ITGB1,COLLAGEN
COL1A1,ITGA2&ITGB1,COLLAGEN
COL1A2,ITGA2&ITGB1,COLLAGEN
COL2A1,ITGA2&ITGB1,COLLAGEN
COL4A1,ITGA2&ITGB1,COLLAGEN
COL4A2,ITGA2&ITGB1,COLLAGEN
COL4A3,ITGA2&ITGB1,COLLAGEN
COL4A4,ITGA2&ITGB1,COLLAGEN
COL4A5,ITGA2&ITGB1,COLLAGEN
COL4A6,ITGA2&ITGB1,COLLAGEN
COL6A1,ITGA2&ITGB1,COLLAGEN
COL6A2,ITGA2&ITGB1,COLLAGEN
COL6A3,ITGA2&ITGB1,COLLAGEN
COL6A4,ITGA2&ITGB1,COLLAGEN
COL6A5,ITGA2&ITGB1,COLLAGEN
COL6A6,ITGA2&ITGB1,COLLAGEN
COL9A1,ITGA2&ITGB1,COLLAGEN
COL9A2,ITGA2&ITGB1,COLLAGEN
COL9A3,ITGA2&ITGB1,COLLAGEN
FN1,ITGA3&ITGB1,FN1
FN1,ITGA4&ITGB1,FN1
FN1,ITGA5&ITGB1,FN1
FN1,ITGA8&ITGB1,FN1
LAMA1,ITGA1&ITGB1,LAMININ
LAMA2,ITGA1&ITGB1,LAMININ
LAMA3,ITGA1&ITGB1,LAMININ
LAMA4,ITGA1&ITGB1,LAMININ
LAMA5,ITGA1&ITGB1,LAMININ
LAMB1,ITGA1&ITGB1,LAMININ
LAMB2,ITGA1&ITGB1,LAMININ
LAMB3,ITGA1&ITGB1,LAMININ
LAMC1,ITGA1&ITGB1,LAMININ
LAMC2,ITGA1&ITGB1,LAMININ
LAMC3,ITGA1&ITGB1,LAMININ
LAMA1,ITGA2&ITGB1,LAMININ
LAMA2,ITGA2&ITGB1,LAMININ
LAMA3,ITGA2&ITGB1,LAMININ
LAMA4,ITGA2&ITGB1,LAMININ
LAMA5,ITGA2&ITGB1,LAMININ
LAMB1,ITGA2&ITGB1,LAMININ
LAMB2,ITGA2&ITGB1,LAMININ
LAMB3,ITGA2&ITGB1,LAMININ
LAMC1,ITGA2&ITGB1,LAMININ
LAMC2,ITGA2&ITGB1,LAMININ
LAMC3,ITGA2&ITGB1,LAMININ
CHAD,ITGA2&ITGB1,CHAD
LAMA1,ITGA3&ITGB1,LAMININ
LAMA2,ITGA3&ITGB1,LAMININ
LAMA3,ITGA3&ITGB1,LAMININ
LAMA4,ITGA3&ITGB1,LAMININ
LAMA5,ITGA3&ITGB1,LAMININ
LAMB1,ITGA3&ITGB1,LAMININ
LAMB2,ITGA3&ITGB1,LAMININ
LAMB3,ITGA3&ITGB1,LAMININ
LAMC1,ITGA3&ITGB1,LAMININ
LAMC2,ITGA3&ITGB1,LAMININ
LAMC3,ITGA3&ITGB1,LAMININ
RELN,ITGA3&ITGB1,RELN
THBS1,ITGA3&ITGB1,THBS
THBS2,ITGA3&ITGB1,THBS
THBS3,ITGA3&ITGB1,THBS
THBS4,ITGA3&ITGB1,THBS
COMP,ITGA3&ITGB1,THBS
COL1A1,ITGA3&ITGB1,COLLAGEN
COL1A2,ITGA3&ITGB1,COLLAGEN
COL2A1,ITGA3&ITGB1,COLLAGEN
COL4A1,ITGA3&ITGB1,COLLAGEN
COL4A2,ITGA3&ITGB1,COLLAGEN
COL4A3,ITGA3&ITGB1,COLLAGEN
COL4A4,ITGA3&ITGB1,COLLAGEN
COL4A5,ITGA3&ITGB1,COLLAGEN
COL4A6,ITGA3&ITGB1,COLLAGEN
COL6A1,ITGA3&ITGB1,COLLAGEN
COL6A2,ITGA3&ITGB1,COLLAGEN
COL6A3,ITGA3&ITGB1,COLLAGEN
COL6A4,ITGA3&ITGB1,COLLAGEN
COL6A5,ITGA3&ITGB1,COLLAGEN
COL6A6,ITGA3&ITGB1,COLLAGEN
COL9A1,ITGA3&ITGB1,COLLAGEN
COL9A2,ITGA3&ITGB1,COLLAGEN
COL9A3,ITGA3&ITGB1,COLLAGEN
LAMA1,ITGA6&ITGB1,LAMININ
LAMA2,ITGA6&ITGB1,LAMININ
LAMA3,ITGA6&ITGB1,LAMININ
LAMA4,ITGA6&ITGB1,LAMININ
LAMA5,ITGA6&ITGB1,LAMININ
LAMB1,ITGA6&ITGB1,LAMININ
LAMB2,ITGA6&ITGB1,LAMININ
LAMB3,ITGA6&ITGB1,LAMININ
LAMC1,ITGA6&ITGB1,LAMININ
LAMC2,ITGA6&ITGB1,LAMININ
LAMC3,ITGA6&ITGB1,LAMININ
LAMA1,ITGA7&ITGB1,LAMININ
LAMA2,ITGA7&ITGB1,LAMININ
LAMA3,ITGA7&ITGB1,LAMININ
LAMA4,ITGA7&ITGB1,LAMININ
LAMA5,ITGA7&ITGB1,LAMININ
LAMB1,ITGA7&ITGB1,LAMININ
LAMB2,ITGA7&ITGB1,LAMININ
LAMB3,ITGA7&ITGB1,LAMININ
LAMC1,ITGA7&ITGB1,LAMININ
LAMC2,ITGA7&ITGB1,LAMININ
LAMC3,ITGA7&ITGB1,LAMININ
VTN,ITGA8&ITGB1,VTN
TNC,ITGA8&ITGB1,TENASCIN
TNR,ITGA8&ITGB1,TENASCIN
TNN,ITGA8&ITGB1,TENASCIN
TNXB,ITGA8&ITGB1,TENASCIN
NPNT&FRAS1&FREM1,ITGA8&ITGB1,NPNT
NPNT&FRAS1&FREM2,ITGA8&ITGB1,NPNT
TNC,ITGA9&ITGB1,TENASCIN
TNR,ITGA9&ITGB1,TENASCIN
TNN,ITGA9&ITGB1,TENASCIN
TNXB,ITGA9&ITGB1,TENASCIN
COL1A1,ITGA9&ITGB1,COLLAGEN
COL1A2,ITGA9&ITGB1,COLLAGEN
COL2A1,ITGA9&ITGB1,COLLAGEN
COL4A1,ITGA9&ITGB1,COLLAGEN
COL4A2,ITGA9&ITGB1,COLLAGEN
COL4A3,ITGA9&ITGB1,COLLAGEN
COL4A4,ITGA9&ITGB1,COLLAGEN
COL4A5,ITGA9&ITGB1,COLLAGEN
COL4A6,ITGA9&ITGB1,COLLAGEN
COL6A1,ITGA9&ITGB1,COLLAGEN
COL6A2,ITGA9&ITGB1,COLLAGEN
COL6A3,ITGA9&ITGB1,COLLAGEN
COL6A4,ITGA9&ITGB1,COLLAGEN
COL6A5,ITGA9&ITGB1,COLLAGEN
COL6A6,ITGA9&ITGB1,COLLAGEN
COL9A1,ITGA9&ITGB1,COLLAGEN
COL9A2,ITGA9&ITGB1,COLLAGEN
COL9A3,ITGA9&ITGB1,COLLAGEN
LAMA1,ITGA9&ITGB1,LAMININ
LAMA2,ITGA9&ITGB1,LAMININ
LAMA3,ITGA9&ITGB1,LAMININ
LAMA4,ITGA9&ITGB1,LAMININ
LAMA5,ITGA9&ITGB1,LAMININ
LAMB1,ITGA9&ITGB1,LAMININ
LAMB2,ITGA9&ITGB1,LAMININ
LAMB3,ITGA9&ITGB1,LAMININ
LAMC1,ITGA9&ITGB1,LAMININ
LAMC2,ITGA9&ITGB1,LAMININ
LAMC3,ITGA9&ITGB1,LAMININ
COL1A1,ITGA10&ITGB1,COLLAGEN
COL1A2,ITGA10&ITGB1,COLLAGEN
COL2A1,ITGA10&ITGB1,COLLAGEN
COL4A1,ITGA10&ITGB1,COLLAGEN
COL4A2,ITGA10&ITGB1,COLLAGEN
COL4A3,ITGA10&ITGB1,COLLAGEN
COL4A4,ITGA10&ITGB1,COLLAGEN
COL4A5,ITGA10&ITGB1,COLLAGEN
COL4A6,ITGA10&ITGB1,COLLAGEN
COL6A1,ITGA10&ITGB1,COLLAGEN
COL6A2,ITGA10&ITGB1,COLLAGEN
COL6A3,ITGA10&ITGB1,COLLAGEN
COL6A4,ITGA10&ITGB1,COLLAGEN
COL6A5,ITGA10&ITGB1,COLLAGEN
COL6A6,ITGA10&ITGB1,COLLAGEN
COL9A1,ITGA10&ITGB1,COLLAGEN
COL9A2,ITGA10&ITGB1,COLLAGEN
COL9A3,ITGA10&ITGB1,COLLAGEN
COL1A1,ITGA11&ITGB1,COLLAGEN
COL1A2,ITGA11&ITGB1,COLLAGEN
COL2A1,ITGA11&ITGB1,COLLAGEN
COL4A1,ITGA11&ITGB1,COLLAGEN
COL4A2,ITGA11&ITGB1,COLLAGEN
COL4A3,ITGA11&ITGB1,COLLAGEN
COL4A4,ITGA11&ITGB1,COLLAGEN
COL4A5,ITGA11&ITGB1,COLLAGEN
COL4A6,ITGA11&ITGB1,COLLAGEN
COL6A1,ITGA11&ITGB1,COLLAGEN
COL6A2,ITGA11&ITGB1,COLLAGEN
COL6A3,ITGA11&ITGB1,COLLAGEN
COL6A4,ITGA11&ITGB1,COLLAGEN
COL6A5,ITGA11&ITGB1,COLLAGEN
COL6A6,ITGA11&ITGB1,COLLAGEN
COL9A1,ITGA11&ITGB1,COLLAGEN
COL9A2,ITGA11&ITGB1,COLLAGEN
COL9A3,ITGA11&ITGB1,COLLAGEN
FN1,ITGAV&ITGB1,FN1
VTN,ITGAV&ITGB1,VTN
DSPP,ITGAV&ITGB1,DSPP
FN1,ITGA4&ITGB7,FN1
FN1,ITGAV&ITGB3,FN1
VTN,ITGAV&ITGB3,VTN
VWF,ITGAV&ITGB3,VWF
TNC,ITGAV&ITGB3,TENASCIN
TNR,ITGAV&ITGB3,TENASCIN
TNN,ITGAV&ITGB3,TENASCIN
TNXB,ITGAV&ITGB3,TENASCIN
IBSP,ITGAV&ITGB3,BSP
THBS1,ITGAV&ITGB3,THBS
THBS2,ITGAV&ITGB3,THBS
THBS3,ITGAV&ITGB3,THBS
THBS4,ITGAV&ITGB3,THBS
COMP,ITGAV&ITGB3,THBS
DMP1,ITGAV&ITGB3,DMP1
FN1,ITGA2B&ITGB3,FN1
VTN,ITGA2B&ITGB3,VTN
VWF,ITGA2B&ITGB3,VWF
TNC,ITGA2B&ITGB3,TENASCIN
TNR,ITGA2B&ITGB3,TENASCIN
TNN,ITGA2B&ITGB3,TENASCIN
TNXB,ITGA2B&ITGB3,TENASCIN
VTN,ITGAV&ITGB5,VTN
IBSP,ITGAV&ITGB5,BSP
TNC,ITGAV&ITGB6,TENASCIN
TNR,ITGAV&ITGB6,TENASCIN
TNN,ITGAV&ITGB6,TENASCIN
TNXB,ITGAV&ITGB6,TENASCIN
FN1,ITGAV&ITGB6,FN1
DSPP,ITGAV&ITGB6,DSPP
VTN,ITGAV&ITGB8,VTN
FN1,ITGAV&ITGB8,FN1
LAMA1,ITGAV&ITGB8,LAMININ
LAMA2,ITGAV&ITGB8,LAMININ
LAMA3,ITGAV&ITGB8,LAMININ
LAMA4,ITGAV&ITGB8,LAMININ
LAMA5,ITGAV&ITGB8,LAMININ
LAMB1,ITGAV&ITGB8,LAMININ
LAMB2,ITGAV&ITGB8,LAMININ
LAMB3,ITGAV&ITGB8,LAMININ
LAMC1,ITGAV&ITGB8,LAMININ
LAMC2,ITGAV&ITGB8,LAMININ
LAMC3,ITGAV&ITGB8,LAMININ
COL1A1,ITGAV&ITGB8,COLLAGEN
COL1A2,ITGAV&ITGB8,COLLAGEN
COL2A1,ITGAV&ITGB8,COLLAGEN
COL4A1,ITGAV&ITGB8,COLLAGEN
COL4A2,ITGAV&ITGB8,COLLAGEN
COL4A3,ITGAV&ITGB8,COLLAGEN
COL4A4,ITGAV&ITGB8,COLLAGEN
COL4A5,ITGAV&ITGB8,COLLAGEN
COL4A6,ITGAV&ITGB8,COLLAGEN
COL6A1,ITGAV&ITGB8,COLLAGEN
COL6A2,ITGAV&ITGB8,COLLAGEN
COL6A3,ITGAV&ITGB8,COLLAGEN
COL6A4,ITGAV&ITGB8,COLLAGEN
COL6A5,ITGAV&ITGB8,COLLAGEN
COL6A6,ITGAV&ITGB8,COLLAGEN
COL9A1,ITGAV&ITGB8,COLLAGEN
COL9A2,ITGAV&ITGB8,COLLAGEN
COL9A3,ITGAV&ITGB8,COLLAGEN
LAMA1,ITGA6&ITGB4,LAMININ
LAMA2,ITGA6&ITGB4,LAMININ
LAMA3,ITGA6&ITGB4,LAMININ
LAMA4,ITGA6&ITGB4,LAMININ
LAMA5,ITGA6&ITGB4,LAMININ
LAMB1,ITGA6&ITGB4,LAMININ
LAMB2,ITGA6&ITGB4,LAMININ
LAMB3,ITGA6&ITGB4,LAMININ
LAMC1,ITGA6&ITGB4,LAMININ
LAMC2,ITGA6&ITGB4,LAMININ
LAMC3,ITGA6&ITGB4,LAMININ
FN1,CD44,FN1
COL1A1,CD44,COLLAGEN
COL1A2,CD44,COLLAGEN
COL2A1,CD44,COLLAGEN
COL4A1,CD44,COLLAGEN
COL4A2,CD44,COLLAGEN
COL4A3,CD44,COLLAGEN
COL4A4,CD44,COLLAGEN
COL4A5,CD44,COLLAGEN
COL4A6,CD44,COLLAGEN
COL6A1,CD44,COLLAGEN
COL6A2,CD44,COLLAGEN
COL6A3,CD44,COLLAGEN
COL6A4,CD44,COLLAGEN
COL6A5,CD44,COLLAGEN
COL6A6,CD44,COLLAGEN
COL9A1,CD44,COLLAGEN
COL9A2,CD44,COLLAGEN
COL9A3,CD44,COLLAGEN
LAMA1,CD44,LAMININ
LAMA2,CD44,LAMININ
LAMA3,CD44,LAMININ
LAMA4,CD44,LAMININ
LAMA5,CD44,LAMININ
LAMB1,CD44,LAMININ
LAMB2,CD44,LAMININ
LAMB3,CD44,LAMININ
LAMC1,CD44,LAMININ
LAMC2,CD44,LAMININ
LAMC3,CD44,LAMININ
COL1A1,SDC1,COLLAGEN
COL1A2,SDC1,COLLAGEN
COL2A1,SDC1,COLLAGEN
COL4A1,SDC1,COLLAGEN
COL4A2,SDC1,COLLAGEN
COL4A3,SDC1,COLLAGEN
COL4A4,SDC1,COLLAGEN
COL4A5,SDC1,COLLAGEN
COL4A6,SDC1,COLLAGEN
COL6A1,SDC1,COLLAGEN
COL6A2,SDC1,COLLAGEN
COL6A3,SDC1,COLLAGEN
COL6A4,SDC1,COLLAGEN
COL6A5,SDC1,COLLAGEN
COL6A6,SDC1,COLLAGEN
COL9A1,SDC1,COLLAGEN
COL9A2,SDC1,COLLAGEN
COL9A3,SDC1,COLLAGEN
FN1,SDC1,FN1
TNC,SDC1,TENASCIN
TNR,SDC1,TENASCIN
TNN,SDC1,TENASCIN
TNXB,SDC1,TENASCIN
THBS1,SDC1,THBS
THBS2,SDC1,THBS
THBS3,SDC1,THBS
THBS4,SDC1,THBS
COMP,SDC1,THBS
COL1A1,SDC4,COLLAGEN
COL1A2,SDC4,COLLAGEN
COL2A1,SDC4,COLLAGEN
COL4A1,SDC4,COLLAGEN
COL4A2,SDC4,COLLAGEN
COL4A3,SDC4,COLLAGEN
COL4A4,SDC4,COLLAGEN
COL4A5,SDC4,COLLAGEN
COL4A6,SDC4,COLLAGEN
COL6A1,SDC4,COLLAGEN
COL6A2,SDC4,COLLAGEN
COL6A3,SDC4,COLLAGEN
COL6A4,SDC4,COLLAGEN
COL6A5,SDC4,COLLAGEN
COL6A6,SDC4,COLLAGEN
COL9A1,SDC4,COLLAGEN
COL9A2,SDC4,COLLAGEN
COL9A3,SDC4,COLLAGEN
FN1,SDC4,FN1
TNC,SDC4,TENASCIN
TNR,SDC4,TENASCIN
TNN,SDC4,TENASCIN
TNXB,SDC4,TENASCIN
THBS1,SDC4,THBS
THBS2,SDC4,THBS
THBS3,SDC4,THBS
THBS4,SDC4,THBS
COMP,SDC4,THBS
LAMA1,SV2A,LAMININ
LAMA2,SV2A,LAMININ
LAMA3,SV2A,LAMININ
LAMA4,SV2A,LAMININ
LAMA5,SV2A,LAMININ
LAMB1,SV2A,LAMININ
LAMB2,SV2A,LAMININ
LAMB3,SV2A,LAMININ
LAMC1,SV2A,LAMININ
LAMC2,SV2A,LAMININ
LAMC3,SV2A,LAMININ
LAMA1,SV2B,LAMININ
LAMA2,SV2B,LAMININ
LAMA3,SV2B,LAMININ
LAMA4,SV2B,LAMININ
LAMA5,SV2B,LAMININ
LAMB1,SV2B,LAMININ
LAMB2,SV2B,LAMININ
LAMB3,SV2B,LAMININ
LAMC1,SV2B,LAMININ
LAMC2,SV2B,LAMININ
LAMC3,SV2B,LAMININ
LAMA1,SV2C,LAMININ
LAMA2,SV2C,LAMININ
LAMA3,SV2C,LAMININ
LAMA4,SV2C,LAMININ
LAMA5,SV2C,LAMININ
LAMB1,SV2C,LAMININ
LAMB2,SV2C,LAMININ
LAMB3,SV2C,LAMININ
LAMC1,SV2C,LAMININ
LAMC2,SV2C,LAMININ
LAMC3,SV2C,LAMININ
THBS1,CD36,THBS
THBS2,CD36,THBS
THBS3,CD36,THBS
THBS4,CD36,THBS
COMP,CD36,THBS
VWF,GP1BA&GP1BB&GP5&GP9,VWF
COL1A1,GP6,COLLAGEN
COL1A2,GP6,COLLAGEN
COL2A1,GP6,COLLAGEN
COL4A1,GP6,COLLAGEN
COL4A2,GP6,COLLAGEN
COL4A3,GP6,COLLAGEN
COL4A4,GP6,COLLAGEN
COL4A5,GP6,COLLAGEN
COL4A6,GP6,COLLAGEN
COL6A1,GP6,COLLAGEN
COL6A2,GP6,COLLAGEN
COL6A3,GP6,COLLAGEN
COL6A4,GP6,COLLAGEN
COL6A5,GP6,COLLAGEN
COL6A6,GP6,COLLAGEN
COL9A1,GP6,COLLAGEN
COL9A2,GP6,COLLAGEN
COL9A3,GP6,COLLAGEN
THBS1,CD47,THBS
THBS2,CD47,THBS
THBS3,CD47,THBS
THBS4,CD47,THBS
COMP,CD47,THBS
AGRN,DAG1,AGRN
HSPG2,DAG1,HSPG
LAMA1,DAG1,LAMININ
LAMA2,DAG1,LAMININ
LAMA3,DAG1,LAMININ
LAMA4,DAG1,LAMININ
LAMA5,DAG1,LAMININ
LAMB1,DAG1,LAMININ
LAMB2,DAG1,LAMININ
LAMB3,DAG1,LAMININ
LAMC1,DAG1,LAMININ
LAMC2,DAG1,LAMININ
LAMC3,DAG1,LAMININ
ADGRE5,CD55B,ADGRE5
ALCAM,CD6,ALCAM
ANXA1,FPR2&FPR3,ANXA1
APP,CD74,APP
BST2,PIRA2,BST2
CADM1,CADM1,CADM
CADM3,CADM3,CADM
CD1D2,PIRA2,CD1D2
CD200,CD200R1,CD200
CD200,CD200R2,CD200
CD200,CD200R3,CD200
CD200,CD200R4,CD200
CD22,PTPRC,CD22
CD226,NECTIN2,CD226
CD226,PVR,CD226
FCER2,ITGAM&ITGB2,CD23
FCER2,ITGAX&ITGB2,CD23
FCER2,ITGAV&ITGB3,CD23
FCER2,CR2,CD23
CD34,SELP,CD34
ENTPD1,ADORA1,CD39
ENTPD1,ADORA2A,CD39
ENTPD1,ADORA2B,CD39
ENTPD1,TMIGD3,CD39
CD40LG,CD40,CD40
PTPRC,CD22,CD45
PTPRC,MRC1,CD45
CD46,JAG1,CD46
CD48,CD244,CD48
CD52,SIGLECG,CD52
CD6,ALCAM,CD6
CD80,CD274,CD80
CD80,CD28,CD80
CD80,CTLA4,CD80
CD86,CD28,CD86
CD86,CTLA4,CD86
CD96,NECTIN1,CD96
CD96,PVR,CD96
CD99,PILRA,CD99
CD99,CD99,CD99
CDH15,CDH15,CDH
CDH4,CDH4,CDH
CDH2,CDH2,CDH
CDH1,CDH1,CDH
CDH1,ITGA2&ITGB1,CDH1
CDH1,ITGAE&ITGB7,CDH1
CDH1,KLRG1,CDH1
CDH5,CDH5,CDH5
CD1D1,CEACAM5,CEACAM
CD209A,CEACAM1,CEACAM
CD8A,CEACAM5,CEACAM
CEACAM1,CEACAM5,CEACAM
SELE,CEACAM1,CEACAM
CLDN11,CLDN11,CLDN
CLEC2D,KLRB1B,CLEC
CLEC2G,KLRB1,CLEC
CLEC2H,KLRB1,CLEC
CLEC2I,KLRB1,CLEC
CLEC2F,KLRB1F,CLEC
CLEC2G,KLRB1F,CLEC
CLEC2I,KLRB1F,CLEC
NFASC,CNTN1&CNTNAP1,CNTN
CNTN2,CNTN2&CNTNAP2,CNTN
CNTN2,L1CAM,CNTN
CNTN2,CNTN2,CNTN
CNTN1,NRCAM,CNTN
CSPG4,ITGA3&ITGB1,CSPG4
DSC1,DSG1C,DESMOSOME
DSC1,DSG2,DESMOSOME
DSC2,DSG1C,DESMOSOME
DSC2,DSG2,DESMOSOME
DSG1C,DSC3,DESMOSOME
DSG2,DSC3,DESMOSOME
EPGN,EGFR,EPGN
EFNA1,EPHA1,EPHA
EFNA1,EPHA2,EPHA
EFNA1,EPHA3,EPHA
EFNA1,EPHA4,EPHA
EFNA1,EPHA5,EPHA
EFNA1,EPHA7,EPHA
EFNA1,EPHA8,EPHA
EFNA2,EPHA1,EPHA
EFNA2,EPHA2,EPHA
EFNA2,EPHA3,EPHA
EFNA2,EPHA4,EPHA
EFNA2,EPHA5,EPHA
EFNA2,EPHA7,EPHA
EFNA2,EPHA8,EPHA
EFNA3,EPHA1,EPHA
EFNA3,EPHA2,EPHA
EFNA3,EPHA3,EPHA
EFNA3,EPHA4,EPHA
EFNA3,EPHA5,EPHA
EFNA3,EPHA7,EPHA
EFNA3,EPHA8,EPHA
EFNA4,EPHA1,EPHA
EFNA4,EPHA2,EPHA
EFNA4,EPHA3,EPHA
EFNA4,EPHA4,EPHA
EFNA4,EPHA5,EPHA
EFNA4,EPHA7,EPHA
EFNA4,EPHA8,EPHA
EFNA5,EPHA1,EPHA
EFNA5,EPHA2,EPHA
EFNA5,EPHA3,EPHA
EFNA5,EPHA4,EPHA
EFNA5,EPHA5,EPHA
EFNA5,EPHA7,EPHA
EFNA5,EPHA8,EPHA
EFNA5,EPHB2,EPHA
EFNB1,EPHA4,EPHB
EFNB1,EPHB1,EPHB
EFNB1,EPHB2,EPHB
EFNB1,EPHB3,EPHB
EFNB1,EPHB4,EPHB
EFNB2,EPHA4,EPHB
EFNB2,EPHB1,EPHB
EFNB2,EPHB2,EPHB
EFNB2,EPHB3,EPHB
EFNB2,EPHB4,EPHB
EFNB3,EPHA4,EPHB
EFNB3,EPHB1,EPHB
EFNB3,EPHB2,EPHB
EFNB3,EPHB3,EPHB
EFNB3,EPHB4,EPHB
EFNB3,EPHB6,EPHB
ESAM,ESAM,ESAM
GP1BA,ITGAM&ITGB2,GP1BA
ICAM1,ITGAX&ITGB2,ICAM
ICAM1,ITGAL&ITGB2,ICAM
ICAM2,ITGAL&ITGB2,ICAM
ICAM1,ITGAM&ITGB2,ICAM
ICAM2,ITGAM&ITGB2,ICAM
ICAM1,ITGAL,ICAM
ICAM1,SPN,ICAM
ICAM5,CD209A,ICAM
ICAM5,CD209F,ICAM
ICOSLG,ICOS,ICOS
ICOSLG,CD28,ICOS
ICOSLG,CTLA4,ICOS
ITGAL&ITGB2,CD226,ITGAL-ITGB2
ITGAL&ITGB2,ICAM1,ITGAL-ITGB2
ITGAL&ITGB2,ICAM2,ITGAL-ITGB2
ITGAL_ITGB2L,CD226,ITGAL-ITGB2
ITGAL_ITGB2L,ICAM1,ITGAL-ITGB2
ITGAL_ITGB2L,ICAM2,ITGAL-ITGB2
JAM2,ITGA3&ITGB1,JAM
JAM2,ITGAV&ITGB1,JAM
JAM3,ITGAM&ITGB2,JAM
F11R,ITGAL&ITGB2,JAM
JAM3,ITGAM_ITGB2L,JAM
JAM2,JAM3,JAM
F11R,F11R,JAM
F11R,JAM2,JAM
F11R,JAM3,JAM
JAM2,F11R,JAM
JAM2,JAM2,JAM
JAM3,F11R,JAM
JAM3,JAM2,JAM
JAM3,JAM3,JAM
L1CAM,ITGAV&ITGB3,L1CAM
L1CAM,ITGA4&ITGB7,L1CAM
L1CAM,L1CAM,L1CAM
LAIR1,PIRA2,LAIR1
LCK,CD8A&CD8B,LCK
MADCAM1,ITGA4&ITGB7,MADCAM
MAG,MAG,MAG
H2-T23,KLRD1&KLRC1,MHC-I
H2-T23,KLRD1&KLRC2,MHC-I
H2-M2,CD8A,MHC-I
H2-M3,CD8A,MHC-I
H2-M9,CD8A,MHC-I
H2-Q1,CD8A,MHC-I
H2-Q10,CD8A,MHC-I
H2-Q2,CD8A,MHC-I
H2-Q7,CD8A,MHC-I
H2-Q8,CD8A,MHC-I
H2-T22,CD8A,MHC-I
H2-T23,CD8A,MHC-I
H2-T24,CD8A,MHC-I
H2-T3,CD8A,MHC-I
H2-T9,CD8A,MHC-I
H2-M10.4,CD8A,MHC-I
H2-M11,CD8A,MHC-I
H2-M1,CD8A,MHC-I
H2-M10.5,CD8A,MHC-I
H2-M10.2,CD8A,MHC-I
H2-M10.6,CD8A,MHC-I
H2-T10,CD8A,MHC-I
H2-Q6,CD8A,MHC-I
H2-M10.3,CD8A,MHC-I
H2-BL,CD8A,MHC-I
H2-D1 ,CD8A,MHC-I
H2-K1,CD8A,MHC-I
H2-M10.1,CD8A,MHC-I
H2-T18,CD8A,MHC-I
H2-Q9,CD8A,MHC-I
GM8909,CD8A,MHC-I
H2-L,CD8A,MHC-I
GM10499,CD8A,MHC-I
H2-Q4,CD8A,MHC-I
H2-T-PS,CD8A,MHC-I
GM11127,CD8A,MHC-I
H2-M5,CD8A,MHC-I
GM7030,CD8A,MHC-I
H2-M2,CD8B,MHC-I
H2-M3,CD8B,MHC-I
H2-M9,CD8B,MHC-I
H2-Q1,CD8B,MHC-I
H2-Q10,CD8B,MHC-I
H2-Q2,CD8B,MHC-I
H2-Q7,CD8B,MHC-I
H2-Q8,CD8B,MHC-I
H2-T22,CD8B,MHC-I
H2-T23,CD8B,MHC-I
H2-T24,CD8B,MHC-I
H2-T3,CD8B,MHC-I
H2-T9,CD8B,MHC-I
H2-M10.4,CD8B,MHC-I
H2-M11,CD8B,MHC-I
H2-M1,CD8B,MHC-I
H2-M10.5,CD8B,MHC-I
H2-M10.2,CD8B,MHC-I
H2-M10.6,CD8B,MHC-I
H2-T10,CD8B,MHC-I
H2-Q6,CD8B,MHC-I
H2-M10.3,CD8B,MHC-I
H2-BL,CD8B,MHC-I
H2-D1,CD8B,MHC-I
H2-K1,CD8B,MHC-I
H2-M10.1,CD8B,MHC-I
H2-T18,CD8B,MHC-I
H2-Q9,CD8B,MHC-I
GM8909 ,CD8B,MHC-I
H2-L,CD8B,MHC-I
GM10499 ,CD8B,MHC-I
H2-Q4,CD8B,MHC-I
H2-T-PS,CD8B,MHC-I
GM11127,CD8B,MHC-I
H2-M5,CD8B,MHC-I
GM7030,CD8B,MHC-I
H2-BI,KIR3DL1,MHC-I
H2-D1,KIR3DL1,MHC-I
H2-K1,KIR3DL1,MHC-I
H2-Q1,KIR3DL1,MHC-I
H2-Q10,KIR3DL1,MHC-I
H2-Q2,KIR3DL1,MHC-I
H2-Q4,KIR3DL1,MHC-I
H2-Q6,KIR3DL1,MHC-I
H2-Q7,KIR3DL1,MHC-I
H2-D,KLRA,MHC-I
H2-K1,KLRA,MHC-I
ULBP1,KLRK1,MHC-I
RAET1A,KLRK1,MHC-I
H60A,KLRK1,MHC-I
H2-EA-PS,CD4,MHC-II
H2-AA,CD4,MHC-II
H2-AB1,CD4,MHC-II
H2-EB1,CD4,MHC-II
HLA-DMA,CD4,MHC-II
H2-DMB1,CD4,MHC-II
H2-DMB2,CD4,MHC-II
HLA-DOA,CD4,MHC-II
HLA-DOB,CD4,MHC-II
MPZ,MPZL1,MPZ
MPZ,MPZ,MPZ
MPZL1,MPZL1,MPZ
NCAM1,FGFR1,NCAM
NCAM1,NCAM1,NCAM
NCAM1,NCAM2,NCAM
NCAM1,L1CAM,NCAM
NCAM2,L1CAM,NCAM
NECTIN1,CADM3,NECTIN
NECTIN1,CD96,NECTIN
NECTIN1,NECTIN4,NECTIN
NECTIN3,NECTIN1,NECTIN
NECTIN3,NECTIN2,NECTIN
NECTIN3,PVR,NECTIN
NECTIN3,TIGIT,NECTIN
NECTIN2,CD226,NECTIN
NECTIN2,TIGIT,NECTIN
NECTIN1,NECTIN3,NECTIN
NEGR1,NEGR1,NEGR
LRRC4C,NTNG1,NGL
LRRC4,NTNG2,NGL
LRRC4B,PTPRF,NGL
ULBP1,KLRK1&HCST,NKG2D
DLK1,NOTCH1,NOTCH
DLK1,NOTCH2,NOTCH
DLK1,NOTCH3,NOTCH
DLK1,NOTCH4,NOTCH
DLL1,NOTCH1,NOTCH
DLL1,NOTCH3,NOTCH
DLL1,NOTCH4,NOTCH
DLL3,NOTCH1,NOTCH
DLL3,NOTCH2,NOTCH
DLL3,NOTCH3,NOTCH
DLL3,NOTCH4,NOTCH
DLL4,NOTCH1,NOTCH
DLL4,NOTCH2,NOTCH
DLL4,NOTCH3,NOTCH
DLL4,NOTCH4,NOTCH
JAG1,NOTCH1,NOTCH
JAG1,NOTCH2,NOTCH
JAG1,NOTCH3,NOTCH
JAG1,NOTCH4,NOTCH
JAG2,NOTCH1,NOTCH
JAG2,NOTCH2,NOTCH
JAG2,NOTCH3,NOTCH
JAG2,NOTCH4,NOTCH
DLL1,NOTCH2,NOTCH
NRXN1,NLGN1,NRXN
NRXN1,NLGN2,NRXN
NRXN1,NLGN3,NRXN
NRXN2,NLGN1,NRXN
NRXN2,NLGN2,NRXN
NRXN2,NLGN3,NRXN
NRXN3,NLGN1,NRXN
NRXN3,NLGN2,NRXN
NRXN3,NLGN3,NRXN
OCLN,OCLN,OCLN
CD274,PDCD1,PD-L1
PDCD1LG2,PDCD1,PDL2
PECAM1,PECAM1,PECAM1
PTPRM,PTPRM,PTPRM
PVR,CD226,PVR
PVR,TIGIT,PVR
SELE,CD44,SELE
SELE,GLG1,SELE
SELL,CD34,SELL
SELL,PODXL,SELL
SELL,GLYCAM1,SELL
SELL,MADCAM1,SELL
SELPLG,SELE,SELPLG
SELPLG,SELL,SELPLG
SELPLG,SELP,SELPLG
SEMA4A,NRP1&PLXNA1,SEMA4
SEMA4A,NRP1&PLXNA2,SEMA4
SEMA4A,NRP1&PLXNA3,SEMA4
SEMA4A,NRP1&PLXNA4,SEMA4
SEMA4A,PLXNB1,SEMA4
SEMA4A,PLXNB2,SEMA4
SEMA4A,PLXNB3,SEMA4
SEMA4D,PLXNB1,SEMA4
SEMA4D,PLXNB2,SEMA4
SEMA4D,PLXNB3,SEMA4
SEMA4C,PLXNB2,SEMA4
SEMA4G,PLXNB2,SEMA4
SEMA4A,TIMD2,SEMA4
SEMA4D,CD72,SEMA4
SEMA5A,PLXNA1,SEMA5
SEMA5B,PLXNA1,SEMA5
SEMA5A,PLXNA3,SEMA5
SEMA5B,PLXNA3,SEMA5
SEMA5A,PLXNB3,SEMA5
SEMA6D,PLXNA1&KDR,SEMA6
SEMA6D,PLXNA1&TREM2&TYROBP,SEMA6
SEMA6D,PLXNA1,SEMA6
SEMA6A,PLXNA2,SEMA6
SEMA6B,PLXNA2,SEMA6
SEMA6A,PLXNA4,SEMA6
SEMA6B,PLXNA4,SEMA6
SEMA7A,ITGB1&ITGA1,SEMA7
SEMA7A,PLXNC1,SEMA7
SIGLEC1,SPN,SN
THY1,ITGAM&ITGB2,THY1
THY1,ITGAX&ITGB2,THY1
THY1,ITGAV&ITGB3,THY1
TIGIT,NECTIN2,TIGIT
TIGIT,PVR,TIGIT
ITGA4&ITGB1,VCAM1,VCAM
ITGA9&ITGB1,VCAM1,VCAM
ITGA4&ITGB7,VCAM1,VCAM
VSIR,IGSF11,VISTA
